{
  "moisture": 33.581213418639415,
  "pressure": 1019.7419335423757,
  "wind_speed": 11.838765485105768,
  "temperature": -1.4067878791073332,
  "wind_direction": 172.83990124847276,
  "current": "clear",
  "changedAt": 1772364525569,
  "tickCount": 47,
  "pressure_phase": 9.09130674229878,
  "moisture_phase": 4.715018479278983
}