{
  "moisture": 36.71748766873843,
  "pressure": 1003.9002930725804,
  "wind_speed": 15.088638346002895,
  "temperature": -2.5135761553893525,
  "wind_direction": 206.07883064759312,
  "current": "snow",
  "changedAt": 1772373277616,
  "tickCount": 76,
  "pressure_phase": 10.904123389086973,
  "moisture_phase": 6.186335518028876
}