{
  "moisture": 34.3734851875615,
  "pressure": 1001.9362236744255,
  "wind_speed": 13.728503061035918,
  "temperature": -0.7781080765090006,
  "wind_direction": 189.70432299522315,
  "current": "clear",
  "changedAt": 1772372165191,
  "tickCount": 72,
  "pressure_phase": 10.653859505788665,
  "moisture_phase": 6.002716393822218
}